"name","same_as","shortname_mx10","shortname_novoc","shortname_novoc_max10","entity","nerc_url","key"
"acceleration axes","","acc_axes","cclrtnxs","cclrtnxs","event","http://vocab.nerc.ac.uk/collection/MVB/current/MVB000001","MVB000001"
"acceleration raw x","","acc_raw_x","cclrtnrwx","cclrtnrwx","event","http://vocab.nerc.ac.uk/collection/MVB/current/MVB000002","MVB000002"
"acceleration raw y","","acc_raw_y","cclrtnrwy","cclrtnrwy","event","http://vocab.nerc.ac.uk/collection/MVB/current/MVB000003","MVB000003"
"acceleration raw z","","acc_raw_z","cclrtnrwz","cclrtnrwz","event","http://vocab.nerc.ac.uk/collection/MVB/current/MVB000004","MVB000004"
"acceleration sampling frequency per axis","","acc_freq","cclrtnsmplngfrqncyprxs","cclrtnsmpl","event","http://vocab.nerc.ac.uk/collection/MVB/current/MVB000005","MVB000005"
"acceleration x","","acc_x","cclrtnx","cclrtnx","event","http://vocab.nerc.ac.uk/collection/MVB/current/MVB000006","MVB000006"
"acceleration y","","acc_y","cclrtny","cclrtny","event","http://vocab.nerc.ac.uk/collection/MVB/current/MVB000007","MVB000007"
"acceleration z","","acc_z","cclrtnz","cclrtnz","event","http://vocab.nerc.ac.uk/collection/MVB/current/MVB000008","MVB000008"
"accelerations raw","","acc_raw","cclrtnsrw","cclrtnsrw","event","http://vocab.nerc.ac.uk/collection/MVB/current/MVB000009","MVB000009"
"acknowledgements","","acknowldgm","cknwldgmnts","cknwldgmnt","study","http://vocab.nerc.ac.uk/collection/MVB/current/MVB000010","MVB000010"
"algorithm marked outlier","","alg_outl","lgrthmmrkdtlr","lgrthmmrkd","event","http://vocab.nerc.ac.uk/collection/MVB/current/MVB000011","MVB000011"
"alt project ID","","alt_projid","ltprjctID","ltprjctID","deployment","http://vocab.nerc.ac.uk/collection/MVB/current/MVB000244","MVB000244"
"angular velocities raw","","angvel_raw","nglrvlctsrw","nglrvlctsr","event","http://vocab.nerc.ac.uk/collection/MVB/current/MVB000245","MVB000245"
"angular velocity X","","angvel_x","nglrvlctyX","nglrvlctyX","event","http://vocab.nerc.ac.uk/collection/MVB/current/MVB000246","MVB000246"
"angular velocity Y","","angvel_y","nglrvlctyY","nglrvlctyY","event","http://vocab.nerc.ac.uk/collection/MVB/current/MVB000247","MVB000247"
"angular velocity Z","","angvel_z","nglrvlctyZ","nglrvlctyZ","event","http://vocab.nerc.ac.uk/collection/MVB/current/MVB000248","MVB000248"
"animal comments","","animal_com","nmlcmmnts","nmlcmmnts","individual","http://vocab.nerc.ac.uk/collection/MVB/current/MVB000012","MVB000012"
"animal death comments","","ani","nmldthcmmnts","nmldthcmmn","individual","http://vocab.nerc.ac.uk/collection/MVB/current/MVB000013","MVB000013"
"animal earliest date born","","","nmlrlstdtbrn","nmlrlstdtb","individual","http://vocab.nerc.ac.uk/collection/MVB/current/MVB000014","MVB000014"
"animal exact date of birth","","","nmlxctdtfbrth","nmlxctdtfb","individual","http://vocab.nerc.ac.uk/collection/MVB/current/MVB000015","MVB000015"
"animal ID","individual local identifier","","nmlID","nmlID","individual","http://vocab.nerc.ac.uk/collection/MVB/current/MVB000016","MVB000016"
"animal latest date born","","","nmlltstdtbrn","nmlltstdtb","individual","http://vocab.nerc.ac.uk/collection/MVB/current/MVB000017","MVB000017"
"animal life stage","","","nmllfstg","nmllfstg","deployment","http://vocab.nerc.ac.uk/collection/MVB/current/MVB000018","MVB000018"
"animal mass","","","nmlmss","nmlmss","deployment","http://vocab.nerc.ac.uk/collection/MVB/current/MVB000019","MVB000019"
"animal nickname","","","nmlncknm","nmlncknm","individual","http://vocab.nerc.ac.uk/collection/MVB/current/MVB000020","MVB000020"
"animal reproductive condition","","","nmlrprdctvcndtn","nmlrprdctv","deployment","http://vocab.nerc.ac.uk/collection/MVB/current/MVB000021","MVB000021"
"animal ring ID","","","nmlrngID","nmlrngID","individual","http://vocab.nerc.ac.uk/collection/MVB/current/MVB000022","MVB000022"
"animal sex","","","nmlsx","nmlsx","individual","http://vocab.nerc.ac.uk/collection/MVB/current/MVB000023","MVB000023"
"animal taxon","individual taxon canonical name","","nmltxn","nmltxn","individual","http://vocab.nerc.ac.uk/collection/MVB/current/MVB000024","MVB000024"
"animal taxon detail","","","nmltxndtl","nmltxndtl","individual","http://vocab.nerc.ac.uk/collection/MVB/current/MVB000025","MVB000025"
"Argos altitude","","","Argslttd","Argslttd","event","http://vocab.nerc.ac.uk/collection/MVB/current/MVB000026","MVB000026"
"Argos best level","","","Argsbstlvl","Argsbstlvl","event","http://vocab.nerc.ac.uk/collection/MVB/current/MVB000027","MVB000027"
"Argos calcul freq","","","Argsclclfrq","Argsclclfr","event","http://vocab.nerc.ac.uk/collection/MVB/current/MVB000028","MVB000028"
"Argos error radius","","","Argsrrrrds","Argsrrrrds","event","http://vocab.nerc.ac.uk/collection/MVB/current/MVB000029","MVB000029"
"Argos GDOP","","","ArgsGDOP","ArgsGDOP","event","http://vocab.nerc.ac.uk/collection/MVB/current/MVB000030","MVB000030"
"Argos IQ","","","ArgsIQ","ArgsIQ","event","http://vocab.nerc.ac.uk/collection/MVB/current/MVB000031","MVB000031"
"Argos lat1","","","Argslt1","Argslt1","event","http://vocab.nerc.ac.uk/collection/MVB/current/MVB000032","MVB000032"
"Argos lat2","","","Argslt2","Argslt2","event","http://vocab.nerc.ac.uk/collection/MVB/current/MVB000033","MVB000033"
"Argos LC","","","ArgsLC","ArgsLC","event","http://vocab.nerc.ac.uk/collection/MVB/current/MVB000034","MVB000034"
"Argos lon1","","","Argsln1","Argsln1","event","http://vocab.nerc.ac.uk/collection/MVB/current/MVB000035","MVB000035"
"Argos lon2","","","Argsln2","Argsln2","event","http://vocab.nerc.ac.uk/collection/MVB/current/MVB000036","MVB000036"
"Argos nb mes","","","Argsnbms","Argsnbms","event","http://vocab.nerc.ac.uk/collection/MVB/current/MVB000037","MVB000037"
"Argos nb mes 120","","","Argsnbms120","Argsnbms12","event","http://vocab.nerc.ac.uk/collection/MVB/current/MVB000038","MVB000038"
"Argos NOPC","","","ArgsNOPC","ArgsNOPC","event","http://vocab.nerc.ac.uk/collection/MVB/current/MVB000039","MVB000039"
"Argos orientation","","","Argsrnttn","Argsrnttn","event","http://vocab.nerc.ac.uk/collection/MVB/current/MVB000040","MVB000040"
"Argos pass duration","","","Argspssdrtn","Argspssdrt","event","http://vocab.nerc.ac.uk/collection/MVB/current/MVB000041","MVB000041"
"Argos sat ID","Argos satellite ID","","ArgsstID","ArgsstID","event","http://vocab.nerc.ac.uk/collection/MVB/current/MVB000042","MVB000042"
"Argos semi major","","","Argssmmjr","Argssmmjr","event","http://vocab.nerc.ac.uk/collection/MVB/current/MVB000043","MVB000043"
"Argos semi minor","","","Argssmmnr","Argssmmnr","event","http://vocab.nerc.ac.uk/collection/MVB/current/MVB000044","MVB000044"
"Argos sensor 1","","","Argssnsr1","Argssnsr1","event","http://vocab.nerc.ac.uk/collection/MVB/current/MVB000045","MVB000045"
"Argos sensor 2","","","Argssnsr2","Argssnsr2","event","http://vocab.nerc.ac.uk/collection/MVB/current/MVB000046","MVB000046"
"Argos sensor 3","","","Argssnsr3","Argssnsr3","event","http://vocab.nerc.ac.uk/collection/MVB/current/MVB000047","MVB000047"
"Argos sensor 4","","","Argssnsr4","Argssnsr4","event","http://vocab.nerc.ac.uk/collection/MVB/current/MVB000048","MVB000048"
"Argos transmission timestamp","","","Argstrnsmssntmstmp","Argstrnsms","event","http://vocab.nerc.ac.uk/collection/MVB/current/MVB000049","MVB000049"
"Argos valid location algorithm","","","Argsvldlctnlgrthm","Argsvldlct","event","http://vocab.nerc.ac.uk/collection/MVB/current/MVB000050","MVB000050"
"Argos valid location manual","","","Argsvldlctnmnl","Argsvldlct","event","http://vocab.nerc.ac.uk/collection/MVB/current/MVB000051","MVB000051"
"attachment type","","","ttchmnttyp","ttchmnttyp","deployment","http://vocab.nerc.ac.uk/collection/MVB/current/MVB000052","MVB000052"
"barometric depth","bar barometric depth","","brmtrcdpth","brmtrcdpth","event","http://vocab.nerc.ac.uk/collection/MVB/current/MVB000053","MVB000053"
"barometric height","bar barometric height","","brmtrchght","brmtrchght","event","http://vocab.nerc.ac.uk/collection/MVB/current/MVB000054","MVB000054"
"barometric pressure","bar barometric pressure","","brmtrcprssr","brmtrcprss","event","http://vocab.nerc.ac.uk/collection/MVB/current/MVB000055","MVB000055"
"BAS compensated latitude","","","BAScmpnstdlttd","BAScmpnstd","event","http://vocab.nerc.ac.uk/collection/MVB/current/MVB000056","MVB000056"
"BAS confidence","","","BAScnfdnc","BAScnfdnc","event","http://vocab.nerc.ac.uk/collection/MVB/current/MVB000057","MVB000057"
"BAS fix type","","","BASfxtyp","BASfxtyp","event","http://vocab.nerc.ac.uk/collection/MVB/current/MVB000058","MVB000058"
"BAS mid value secs","","","BASmdvlscs","BASmdvlscs","event","http://vocab.nerc.ac.uk/collection/MVB/current/MVB000059","MVB000059"
"BAS stationary latitude","","","BASsttnrylttd","BASsttnryl","event","http://vocab.nerc.ac.uk/collection/MVB/current/MVB000060","MVB000060"
"BAS transition 1","","","BAStrnstn1","BAStrnstn1","event","http://vocab.nerc.ac.uk/collection/MVB/current/MVB000061","MVB000061"
"BAS transition 2","","","BAStrnstn2","BAStrnstn2","event","http://vocab.nerc.ac.uk/collection/MVB/current/MVB000062","MVB000062"
"battery charge percent","","","bttrychrgprcnt","bttrychrgp","event","http://vocab.nerc.ac.uk/collection/MVB/current/MVB000063","MVB000063"
"battery charging current","","","bttrychrgngcrrnt","bttrychrgn","event","http://vocab.nerc.ac.uk/collection/MVB/current/MVB000064","MVB000064"
"behavior according to","behaviour according to","","bhvrccrdngt","bhvrccrdng","deployment","http://vocab.nerc.ac.uk/collection/MVB/current/MVB000066","MVB000066"
"behavioural classification","","","bhvrlclssfctn","bhvrlclssf","event","http://vocab.nerc.ac.uk/collection/MVB/current/MVB000067","MVB000067"
"citation","","","cttn","cttn","study","http://vocab.nerc.ac.uk/collection/MVB/current/MVB000068","MVB000068"
"comments","","","cmmnts","cmmnts","event","http://vocab.nerc.ac.uk/collection/MVB/current/MVB000069","MVB000069"
"compass heading","","","cmpsshdng","cmpsshdng","event","http://vocab.nerc.ac.uk/collection/MVB/current/MVB000070","MVB000070"
"conductivity","","","cndctvty","cndctvty","event","http://vocab.nerc.ac.uk/collection/MVB/current/MVB000071","MVB000071"
"contact person","contact person name","","cntctprsn","cntctprsn","study","http://vocab.nerc.ac.uk/collection/MVB/current/MVB000072","MVB000072"
"CPU temperature","","","CPUtmprtr","CPUtmprtr","event","http://vocab.nerc.ac.uk/collection/MVB/current/MVB000249","MVB000249"
"data decoding software","","","dtdcdngsftwr","dtdcdngsft","event","http://vocab.nerc.ac.uk/collection/MVB/current/MVB000214","MVB000214"
"data processing software","","","dtprcssngsftwr","dtprcssngs","deployment","http://vocab.nerc.ac.uk/collection/MVB/current/MVB000073","MVB000073"
"deploy off latitude","","","dplyfflttd","dplyfflttd","deployment","http://vocab.nerc.ac.uk/collection/MVB/current/MVB000074","MVB000074"
"deploy off longitude","","","dplyfflngtd","dplyfflngt","deployment","http://vocab.nerc.ac.uk/collection/MVB/current/MVB000075","MVB000075"
"deploy off person","","","dplyffprsn","dplyffprsn","deployment","http://vocab.nerc.ac.uk/collection/MVB/current/MVB000076","MVB000076"
"deploy off timestamp","deploy off date","","dplyfftmstmp","dplyfftmst","deployment","http://vocab.nerc.ac.uk/collection/MVB/current/MVB000077","MVB000077"
"deploy on latitude","","","dplynlttd","dplynlttd","deployment","http://vocab.nerc.ac.uk/collection/MVB/current/MVB000078","MVB000078"
"deploy on longitude","","","dplynlngtd","dplynlngtd","deployment","http://vocab.nerc.ac.uk/collection/MVB/current/MVB000079","MVB000079"
"deploy on person","","","dplynprsn","dplynprsn","deployment","http://vocab.nerc.ac.uk/collection/MVB/current/MVB000080","MVB000080"
"deploy on timestamp","deploy on date","","dplyntmstmp","dplyntmstm","deployment","http://vocab.nerc.ac.uk/collection/MVB/current/MVB000081","MVB000081"
"deployment comments","","","dplymntcmmnts","dplymntcmm","deployment","http://vocab.nerc.ac.uk/collection/MVB/current/MVB000082","MVB000082"
"deployment end comments","","","dplymntndcmmnts","dplymntndc","deployment","http://vocab.nerc.ac.uk/collection/MVB/current/MVB000083","MVB000083"
"deployment end type","","","dplymntndtyp","dplymntndt","deployment","http://vocab.nerc.ac.uk/collection/MVB/current/MVB000084","MVB000084"
"deployment ID","","","dplymntID","dplymntID","deployment","http://vocab.nerc.ac.uk/collection/MVB/current/MVB000085","MVB000085"
"duty cycle","","","dtycycl","dtycycl","deployment","http://vocab.nerc.ac.uk/collection/MVB/current/MVB000086","MVB000086"
"end timestamp","","","ndtmstmp","ndtmstmp","event","http://vocab.nerc.ac.uk/collection/MVB/current/MVB000102","MVB000102"
"eobs acceleration axes","","","bscclrtnxs","bscclrtnxs","event","http://vocab.nerc.ac.uk/collection/MVB/current/MVB000087","MVB000087"
"eobs acceleration sampling frequency per axis","","","bscclrtnsmplngfrqncyprxs","bscclrtnsm","event","http://vocab.nerc.ac.uk/collection/MVB/current/MVB000088","MVB000088"
"eobs accelerations raw","","","bscclrtnsrw","bscclrtnsr","event","http://vocab.nerc.ac.uk/collection/MVB/current/MVB000089","MVB000089"
"eobs activity","","","bsctvty","bsctvty","event","http://vocab.nerc.ac.uk/collection/MVB/current/MVB000090","MVB000090"
"eobs activity samples","","","bsctvtysmpls","bsctvtysmp","event","http://vocab.nerc.ac.uk/collection/MVB/current/MVB000091","MVB000091"
"eobs battery voltage","","","bsbttryvltg","bsbttryvlt","event","http://vocab.nerc.ac.uk/collection/MVB/current/MVB000092","MVB000092"
"eobs fix battery voltage","","","bsfxbttryvltg","bsfxbttryv","event","http://vocab.nerc.ac.uk/collection/MVB/current/MVB000093","MVB000093"
"eobs horizontal accuracy estimate","","","bshrzntlccrcystmt","bshrzntlcc","event","http://vocab.nerc.ac.uk/collection/MVB/current/MVB000094","MVB000094"
"eobs key bin checksum","","","bskybnchcksm","bskybnchck","event","http://vocab.nerc.ac.uk/collection/MVB/current/MVB000095","MVB000095"
"eobs speed accuracy estimate","","","bsspdccrcystmt","bsspdccrcy","event","http://vocab.nerc.ac.uk/collection/MVB/current/MVB000096","MVB000096"
"eobs start timestamp","","","bsstrttmstmp","bsstrttmst","event","http://vocab.nerc.ac.uk/collection/MVB/current/MVB000097","MVB000097"
"eobs status","","","bsstts","bsstts","event","http://vocab.nerc.ac.uk/collection/MVB/current/MVB000098","MVB000098"
"eobs temperature","","","bstmprtr","bstmprtr","event","http://vocab.nerc.ac.uk/collection/MVB/current/MVB000099","MVB000099"
"eobs type of fix","","","bstypffx","bstypffx","event","http://vocab.nerc.ac.uk/collection/MVB/current/MVB000100","MVB000100"
"eobs used time to get fix","","","bssdtmtgtfx","bssdtmtgtf","event","http://vocab.nerc.ac.uk/collection/MVB/current/MVB000101","MVB000101"
"event ID","","event_id","vntID","vntID","event","http://vocab.nerc.ac.uk/collection/MVB/current/MVB000103","MVB000103"
"external temperature","temperature external","ext_temp","xtrnltmprtr","xtrnltmprt","event","http://vocab.nerc.ac.uk/collection/MVB/current/MVB000104","MVB000104"
"Flt switch","","flt_switch","Fltswtch","Fltswtch","event","http://vocab.nerc.ac.uk/collection/MVB/current/MVB000105","MVB000105"
"geolocator calibration","","geoloc_cal","glctrclbrtn","glctrclbrt","deployment","http://vocab.nerc.ac.uk/collection/MVB/current/MVB000106","MVB000106"
"geolocator fix type","","geoloc_fxt","glctrfxtyp","glctrfxtyp","event","http://vocab.nerc.ac.uk/collection/MVB/current/MVB000107","MVB000107"
"geolocator light threshold","","geoloc_lit","glctrlghtthrshld","glctrlghtt","deployment","http://vocab.nerc.ac.uk/collection/MVB/current/MVB000108","MVB000108"
"geolocator rise","","geoloc_ris","glctrrs","glctrrs","event","http://vocab.nerc.ac.uk/collection/MVB/current/MVB000215","MVB000215"
"geolocator sensor comments","","geoloc_sc","glctrsnsrcmmnts","glctrsnsrc","deployment","http://vocab.nerc.ac.uk/collection/MVB/current/MVB000109","MVB000109"
"geolocator sun elevation angle","","geoloc_sea","glctrsnlvtnngl","glctrsnlvt","deployment","http://vocab.nerc.ac.uk/collection/MVB/current/MVB000110","MVB000110"
"geolocator twilight3","","geoloc_tw3","glctrtwlght3","glctrtwlgh","event","http://vocab.nerc.ac.uk/collection/MVB/current/MVB000216","MVB000216"
"go public date","","go_publ","gpblcdt","gpblcdt","study","http://vocab.nerc.ac.uk/collection/MVB/current/MVB000250","MVB000250"
"activity count","GPS Activity Count","act_count","ctvtycnt","ctvtycnt","event","http://vocab.nerc.ac.uk/collection/MVB/current/MVB000114","MVB000114"
"GPS DOP","","gps_dop","GPSDOP","GPSDOP","event","http://vocab.nerc.ac.uk/collection/MVB/current/MVB000115","MVB000115"
"GPS fix type","","gps_fix_t","GPSfxtyp","GPSfxtyp","event","http://vocab.nerc.ac.uk/collection/MVB/current/MVB000116","MVB000116"
"GPS fix type raw","","gps_fix_tr","GPSfxtyprw","GPSfxtyprw","event","http://vocab.nerc.ac.uk/collection/MVB/current/MVB000117","MVB000117"
"GPS HDOP","","gps_hdop","GPSHDOP","GPSHDOP","event","http://vocab.nerc.ac.uk/collection/MVB/current/MVB000118","MVB000118"
"GPS maximum signal strength","","gps_maxss","GPSmxmmsgnlstrngth","GPSmxmmsgn","event","http://vocab.nerc.ac.uk/collection/MVB/current/MVB000119","MVB000119"
"GPS message count","","gps_mesco","GPSmssgcnt","GPSmssgcnt","event","http://vocab.nerc.ac.uk/collection/MVB/current/MVB000251","MVB000251"
"GPS satellite count","","gps_sat_ct","GPSstlltcnt","GPSstlltcn","event","http://vocab.nerc.ac.uk/collection/MVB/current/MVB000120","MVB000120"
"GPS speed accuracy estimate","speed accuracy estimate","gps_sp_ae","GPSspdccrcystmt","GPSspdccrc","event","http://vocab.nerc.ac.uk/collection/MVB/current/MVB000237","MVB000237"
"GPS time to fix","","gps_ttf","GPStmtfx","GPStmtfx","event","http://vocab.nerc.ac.uk/collection/MVB/current/MVB000121","MVB000121"
"GPS VDOP","","gps_vdop","GPSVDOP","GPSVDOP","event","http://vocab.nerc.ac.uk/collection/MVB/current/MVB000122","MVB000122"
"grants used","","grants","grntssd","grntssd","study","http://vocab.nerc.ac.uk/collection/MVB/current/MVB000123","MVB000123"
"ground speed","","grd_speed","grndspd","grndspd","event","http://vocab.nerc.ac.uk/collection/MVB/current/MVB000124","MVB000124"
"GSM MCC-MNC","","","GSMMCC-MNC","GSMMCC-MNC","event","http://vocab.nerc.ac.uk/collection/MVB/current/MVB000125","MVB000125"
"GSM signal strength","","","GSMsgnlstrngth","GSMsgnlstr","event","http://vocab.nerc.ac.uk/collection/MVB/current/MVB000126","MVB000126"
"Gt sys week","","","Gtsyswk","Gtsyswk","event","http://vocab.nerc.ac.uk/collection/MVB/current/MVB000111","MVB000111"
"Gt tx count","","","Gttxcnt","Gttxcnt","event","http://vocab.nerc.ac.uk/collection/MVB/current/MVB000112","MVB000112"
"gyroscope axes","","","gyrscpxs","gyrscpxs","event","http://vocab.nerc.ac.uk/collection/MVB/current/MVB000252","MVB000252"
"gyroscope sampling frequency per axis","","","gyrscpsmplngfrqncyprxs","gyrscpsmpl","event","http://vocab.nerc.ac.uk/collection/MVB/current/MVB000253","MVB000253"
"habitat","","","hbtt","hbtt","event","http://vocab.nerc.ac.uk/collection/MVB/current/MVB000127","MVB000127"
"habitat according to","","","hbttccrdngt","hbttccrdng","deployment","http://vocab.nerc.ac.uk/collection/MVB/current/MVB000128","MVB000128"
"heading","","","hdng","hdng","event","http://vocab.nerc.ac.uk/collection/MVB/current/MVB000129","MVB000129"
"height above ellipsoid","","","hghtbvllpsd","hghtbvllps","event","http://vocab.nerc.ac.uk/collection/MVB/current/MVB000130","MVB000130"
"height above mean sea level","height above msl","","hghtbvmnslvl","hghtbvmnsl","event","http://vocab.nerc.ac.uk/collection/MVB/current/MVB000131","MVB000131"
"height raw","","","hghtrw","hghtrw","event","http://vocab.nerc.ac.uk/collection/MVB/current/MVB000132","MVB000132"
"I am collaborator","","","Imcllbrtr","Imcllbrtr","study","http://vocab.nerc.ac.uk/collection/MVB/current/MVB000254","MVB000254"
"I am owner","","","Imwnr","Imwnr","study","http://vocab.nerc.ac.uk/collection/MVB/current/MVB000217","MVB000217"
"I can see data","","","Icnsdt","Icnsdt","study","http://vocab.nerc.ac.uk/collection/MVB/current/MVB000218","MVB000218"
"I have download access","","","Ihvdwnldccss","Ihvdwnldcc","study","http://vocab.nerc.ac.uk/collection/MVB/current/MVB000255","MVB000255"
"import marked outlier","","","mprtmrkdtlr","mprtmrkdtl","event","http://vocab.nerc.ac.uk/collection/MVB/current/MVB000133","MVB000133"
"individual local identifier","animal ID","animal_id","ndvdllcldntfr","ndvdllcldn","individual","http://vocab.nerc.ac.uk/collection/MVB/current/MVB000134","MVB000134"
"individual taxon canonical name","animal taxon","animal_tax","ndvdltxncnnclnm","ndvdltxncn","individual","http://vocab.nerc.ac.uk/collection/MVB/current/MVB000135","MVB000135"
"internal temperature","temperature internal","temp_intern","ntrnltmprtr","ntrnltmprt","event","http://vocab.nerc.ac.uk/collection/MVB/current/MVB000256","MVB000256"
"lat lower","latitude lower","lat_lower","ltlwr","ltlwr","event","http://vocab.nerc.ac.uk/collection/MVB/current/MVB000136","MVB000136"
"lat upper","latitude upper","lat_upper","ltppr","ltppr","event","http://vocab.nerc.ac.uk/collection/MVB/current/MVB000137","MVB000137"
"license terms","","lic_terms","lcnstrms","lcnstrms","study","http://vocab.nerc.ac.uk/collection/MVB/current/MVB000138","MVB000138"
"license type","","lic_type","lcnstyp","lcnstyp","study","http://vocab.nerc.ac.uk/collection/MVB/current/MVB000257","MVB000257"
"light level","gls light level","light_levl","lghtlvl","lghtlvl","event","http://vocab.nerc.ac.uk/collection/MVB/current/MVB000139","MVB000139"
"study local timestamp","","study_locts","stdylcltmstmp","stdylcltms","event","http://vocab.nerc.ac.uk/collection/MVB/current/MVB000140","MVB000140"
"location accuracy comments","","loc_accr_c","lctnccrcycmmnts","lctnccrcyc","deployment","http://vocab.nerc.ac.uk/collection/MVB/current/MVB000141","MVB000141"
"location error numerical","","loc_err_nu","lctnrrrnmrcl","lctnrrrnmr","event","http://vocab.nerc.ac.uk/collection/MVB/current/MVB000142","MVB000142"
"location error percentile","","loc_err_pe","lctnrrrprcntl","lctnrrrprc","event","http://vocab.nerc.ac.uk/collection/MVB/current/MVB000143","MVB000143"
"location error text","","loc_err_te","lctnrrrtxt","lctnrrrtxt","event","http://vocab.nerc.ac.uk/collection/MVB/current/MVB000144","MVB000144"
"location lat","","loc_lat","lctnlt","lctnlt","event","http://vocab.nerc.ac.uk/collection/MVB/current/MVB000145","MVB000145"
"location long","","loc_long","lctnlng","lctnlng","event","http://vocab.nerc.ac.uk/collection/MVB/current/MVB000146","MVB000146"
"long lower","longitude lower","long_lower","lnglwr","lnglwr","event","http://vocab.nerc.ac.uk/collection/MVB/current/MVB000147","MVB000147"
"long upper","longitude upper","long_upper","lngppr","lngppr","event","http://vocab.nerc.ac.uk/collection/MVB/current/MVB000148","MVB000148"
"Lotek CRC status","Lot CRC status","lotek_crcs","LtkCRCstts","LtkCRCstts","event","http://vocab.nerc.ac.uk/collection/MVB/current/MVB000149","MVB000149"
"Lotek CRC status text","Lot CRC status text","lotek_crct","LtkCRCsttstxt","LtkCRCstts","event","http://vocab.nerc.ac.uk/collection/MVB/current/MVB000150","MVB000150"
"magnetic field axes","mag magnetic field axes","mag_fld_ax","mgntcfldxs","mgntcfldxs","event","http://vocab.nerc.ac.uk/collection/MVB/current/MVB000219","MVB000219"
"magnetic field raw x","mag magnetic field raw x","mag_fld_rx","mgntcfldrwx","mgntcfldrw","event","http://vocab.nerc.ac.uk/collection/MVB/current/MVB000151","MVB000151"
"magnetic field raw y","mag magnetic field raw y","mag_fld_ry","mgntcfldrwy","mgntcfldrw","event","http://vocab.nerc.ac.uk/collection/MVB/current/MVB000152","MVB000152"
"magnetic field raw z","mag magnetic field raw z","mag_fld_rz","mgntcfldrwz","mgntcfldrw","event","http://vocab.nerc.ac.uk/collection/MVB/current/MVB000153","MVB000153"
"magnetic field sampling frequency per axis","mag magnetic field sampling frequency per axies","mag_fld_fr","mgntcfldsmplngfrqncyprxs","mgntcfldsm","event","http://vocab.nerc.ac.uk/collection/MVB/current/MVB000220","MVB000220"
"magnetic field x","","mag_fld_x","mgntcfldx","mgntcfldx","event","http://vocab.nerc.ac.uk/collection/MVB/current/MVB000258","MVB000258"
"magnetic field y","","mag_fld_y","mgntcfldy","mgntcfldy","event","http://vocab.nerc.ac.uk/collection/MVB/current/MVB000259","MVB000259"
"magnetic field z","","mag_fld_z","mgntcfldz","mgntcfldz","event","http://vocab.nerc.ac.uk/collection/MVB/current/MVB000260","MVB000260"
"magnetic fields raw","mag magnetic fields raw","mag_fld_r","mgntcfldsrw","mgntcfldsr","event","http://vocab.nerc.ac.uk/collection/MVB/current/MVB000221","MVB000221"
"main location lat","study reference location latitude","mn_loc_lat","mnlctnlt","mnlctnlt","study","http://vocab.nerc.ac.uk/collection/MVB/current/MVB000222","MVB000222"
"main location long","study reference location longitude","mn_loc_lon","mnlctnlng","mnlctnlng","study","http://vocab.nerc.ac.uk/collection/MVB/current/MVB000223","MVB000223"
"manipulation comments","","mani_comm","mnpltncmmnts","mnpltncmmn","deployment","http://vocab.nerc.ac.uk/collection/MVB/current/MVB000154","MVB000154"
"manipulation type","","mani_type","mnpltntyp","mnpltntyp","deployment","http://vocab.nerc.ac.uk/collection/MVB/current/MVB000155","MVB000155"
"manually marked outlier","","manm_outl","mnllymrkdtlr","mnllymrkdt","event","http://vocab.nerc.ac.uk/collection/MVB/current/MVB000156","MVB000156"
"manually marked valid","","","mnllymrkdvld","mnllymrkdv","event","http://vocab.nerc.ac.uk/collection/MVB/current/MVB000157","MVB000157"
"migration stage","","","mgrtnstg","mgrtnstg","event","http://vocab.nerc.ac.uk/collection/MVB/current/MVB000160","MVB000160"
"migration stage standard","","","mgrtnstgstndrd","mgrtnstgst","event","http://vocab.nerc.ac.uk/collection/MVB/current/MVB000161","MVB000161"
"modelled","","","mdlld","mdlld","event","http://vocab.nerc.ac.uk/collection/MVB/current/MVB000162","MVB000162"
"mortality status","","","mrtltystts","mrtltystts","event","http://vocab.nerc.ac.uk/collection/MVB/current/MVB000261","MVB000261"
"Mw activity count","Microwave activity count","","Mwctvtycnt","Mwctvtycnt","event","http://vocab.nerc.ac.uk/collection/MVB/current/MVB000158","MVB000158"
"Mw show in KML","Microwave show in KML","","MwshwnKML","MwshwnKML","event","http://vocab.nerc.ac.uk/collection/MVB/current/MVB000159","MVB000159"
"number of deployed locations","","","nmbrfdplydlctns","nmbrfdplyd","study","http://vocab.nerc.ac.uk/collection/MVB/current/MVB000224","MVB000224"
"number of deployments","","","nmbrfdplymnts","nmbrfdplym","study","http://vocab.nerc.ac.uk/collection/MVB/current/MVB000225","MVB000225"
"number of events","","","nmbrfvnts","nmbrfvnts","individual","http://vocab.nerc.ac.uk/collection/MVB/current/MVB000262","MVB000262"
"number of individuals","","","nmbrfndvdls","nmbrfndvdl","study","http://vocab.nerc.ac.uk/collection/MVB/current/MVB000226","MVB000226"
"number of tags","","","nmbrftgs","nmbrftgs","study","http://vocab.nerc.ac.uk/collection/MVB/current/MVB000227","MVB000227"
"orientation quaternion raw w","quaternion-raw-w","","rnttnqtrnnrww","rnttnqtrnn","event","http://vocab.nerc.ac.uk/collection/MVB/current/MVB000228","MVB000228"
"orientation quaternion raw x","quaternion-raw-x","","rnttnqtrnnrwx","rnttnqtrnn","event","http://vocab.nerc.ac.uk/collection/MVB/current/MVB000229","MVB000229"
"orientation quaternion raw y","quaternion-raw-y","","rnttnqtrnnrwy","rnttnqtrnn","event","http://vocab.nerc.ac.uk/collection/MVB/current/MVB000230","MVB000230"
"orientation quaternion raw z","quaternion-raw-z","","rnttnqtrnnrwz","rnttnqtrnn","event","http://vocab.nerc.ac.uk/collection/MVB/current/MVB000231","MVB000231"
"orientation quaternions raw","guaternions-raw","","rnttnqtrnnsrw","rnttnqtrnn","event","http://vocab.nerc.ac.uk/collection/MVB/current/MVB000232","MVB000232"
"orientation quaternions sampling frequency","quaterions-sampling-frequency","","rnttnqtrnnssmplngfrqncy","rnttnqtrnn","event","http://vocab.nerc.ac.uk/collection/MVB/current/MVB000233","MVB000233"
"Ornitela transmission protocol","orn transmission protocol","","Orntltrnsmssnprtcl","Orntltrnsm","event","http://vocab.nerc.ac.uk/collection/MVB/current/MVB000163","MVB000163"
"pitch","","","ptch","ptch","event","http://vocab.nerc.ac.uk/collection/MVB/current/MVB000263","MVB000263"
"principal investigator","principal investigator name","","prncplnvstgtr","prncplnvst","study","http://vocab.nerc.ac.uk/collection/MVB/current/MVB000164","MVB000164"
"principal investigator address","PI contact details","","prncplnvstgtrddrss","prncplnvst","study","http://vocab.nerc.ac.uk/collection/MVB/current/MVB000234","MVB000234"
"principal investigator email","PI email","","prncplnvstgtrml","prncplnvst","study","http://vocab.nerc.ac.uk/collection/MVB/current/MVB000235","MVB000235"
"principal investigator name","","","prncplnvstgtrnm","prncplnvst","study","http://vocab.nerc.ac.uk/collection/MVB/current/MVB000236","MVB000236"
"proofed","","","prfd","prfd","event","http://vocab.nerc.ac.uk/collection/MVB/current/MVB000165","MVB000165"
"provider update timestamp","provider update ts","","prvdrpdttmstmp","prvdrpdttm","event","http://vocab.nerc.ac.uk/collection/MVB/current/MVB000264","MVB000264"
"raptor workshop behavior","","","rptrwrkshpbhvr","rptrwrkshp","event","http://vocab.nerc.ac.uk/collection/MVB/current/MVB000166","MVB000166"
"raptor workshop deployment special event","","","rptrwrkshpdplymntspclvnt","rptrwrkshp","event","http://vocab.nerc.ac.uk/collection/MVB/current/MVB000167","MVB000167"
"raptor workshop migration state","","","rptrwrkshpmgrtnstt","rptrwrkshp","event","http://vocab.nerc.ac.uk/collection/MVB/current/MVB000168","MVB000168"
"receiver ID","","","rcvrID","rcvrID","event","http://vocab.nerc.ac.uk/collection/MVB/current/MVB000265","MVB000265"
"relative humidity","","","rltvhmdty","rltvhmdty","event","http://vocab.nerc.ac.uk/collection/MVB/current/MVB000266","MVB000266"
"roll","","","rll","rll","event","http://vocab.nerc.ac.uk/collection/MVB/current/MVB000267","MVB000267"
"sampling frequency","","","smplngfrqncy","smplngfrqn","event","http://vocab.nerc.ac.uk/collection/MVB/current/MVB000169","MVB000169"
"sensor type","","","snsrtyp","snsrtyp","event","http://vocab.nerc.ac.uk/collection/MVB/current/MVB000170","MVB000170"
"sensor type IDs","","","snsrtypIDs","snsrtypIDs","n/a","http://vocab.nerc.ac.uk/collection/MVB/current/MVB000268","MVB000268"
"solar cell voltage","","","slrcllvltg","slrcllvltg","event","http://vocab.nerc.ac.uk/collection/MVB/current/MVB000269","MVB000269"
"solar voltage percent","","","slrvltgprcnt","slrvltgprc","event","http://vocab.nerc.ac.uk/collection/MVB/current/MVB000270","MVB000270"
"start timestamp","","","strttmstmp","strttmstmp","event","http://vocab.nerc.ac.uk/collection/MVB/current/MVB000171","MVB000171"
"study ID","Movebank ID","","stdyID","stdyID","study","http://vocab.nerc.ac.uk/collection/MVB/current/MVB000172","MVB000172"
"study name","","","stdynm","stdynm","study","http://vocab.nerc.ac.uk/collection/MVB/current/MVB000173","MVB000173"
"study permission","","","stdyprmssn","stdyprmssn","study","http://vocab.nerc.ac.uk/collection/MVB/current/MVB000271","MVB000271"
"study reference location","","","stdyrfrnclctn","stdyrfrncl","study","http://vocab.nerc.ac.uk/collection/MVB/current/MVB000174","MVB000174"
"study site","","","stdyst","stdyst","deployment","http://vocab.nerc.ac.uk/collection/MVB/current/MVB000175","MVB000175"
"study summary","study objective","","stdysmmry","stdysmmry","study","http://vocab.nerc.ac.uk/collection/MVB/current/MVB000176","MVB000176"
"study timezone","","","stdytmzn","stdytmzn","event","http://vocab.nerc.ac.uk/collection/MVB/current/MVB000177","MVB000177"
"study type","","","stdytyp","stdytyp","study","http://vocab.nerc.ac.uk/collection/MVB/current/MVB000272","MVB000272"
"study-specific measurement","","","stdy-spcfcmsrmnt","stdy-spcfc","event","http://vocab.nerc.ac.uk/collection/MVB/current/MVB000178","MVB000178"
"suspend license terms","","","sspndlcnstrms","sspndlcnst","study","http://vocab.nerc.ac.uk/collection/MVB/current/MVB000238","MVB000238"
"tag beacon frequency","beacon frequency","","tgbcnfrqncy","tgbcnfrqnc","tag","http://vocab.nerc.ac.uk/collection/MVB/current/MVB000065","MVB000065"
"tag comments","","","tgcmmnts","tgcmmnts","tag","http://vocab.nerc.ac.uk/collection/MVB/current/MVB000179","MVB000179"
"tag failure comments","","","tgflrcmmnts","tgflrcmmnt","tag","http://vocab.nerc.ac.uk/collection/MVB/current/MVB000180","MVB000180"
"tag ID","tag local identifier","","tgID","tgID","tag","http://vocab.nerc.ac.uk/collection/MVB/current/MVB000181","MVB000181"
"tag local identifier","tag ID","","tglcldntfr","tglcldntfr","tag","http://vocab.nerc.ac.uk/collection/MVB/current/MVB000182","MVB000182"
"tag manufacturer name","manufacturer name","","tgmnfctrrnm","tgmnfctrrn","tag","http://vocab.nerc.ac.uk/collection/MVB/current/MVB000183","MVB000183"
"tag mass","weight","","tgmss","tgmss","tag","http://vocab.nerc.ac.uk/collection/MVB/current/MVB000184","MVB000184"
"tag model","","","tgmdl","tgmdl","tag","http://vocab.nerc.ac.uk/collection/MVB/current/MVB000185","MVB000185"
"tag processing type","processing type","","tgprcssngtyp","tgprcssngt","tag","http://vocab.nerc.ac.uk/collection/MVB/current/MVB000186","MVB000186"
"tag production date","","","tgprdctndt","tgprdctndt","tag","http://vocab.nerc.ac.uk/collection/MVB/current/MVB000187","MVB000187"
"tag readout method","","","tgrdtmthd","tgrdtmthd","deployment","http://vocab.nerc.ac.uk/collection/MVB/current/MVB000188","MVB000188"
"tag serial no","serial no","","tgsrln","tgsrln","tag","http://vocab.nerc.ac.uk/collection/MVB/current/MVB000189","MVB000189"
"tag tech spec","","","tgtchspc","tgtchspc","event","http://vocab.nerc.ac.uk/collection/MVB/current/MVB000190","MVB000190"
"tag voltage","","","tgvltg","tgvltg","event","http://vocab.nerc.ac.uk/collection/MVB/current/MVB000191","MVB000191"
"taxon IDs","","","txnIDs","txnIDs","study","http://vocab.nerc.ac.uk/collection/MVB/current/MVB000273","MVB000273"
"TechnoSmart activity","","","TchnSmrtctvty","TchnSmrtct","event","http://vocab.nerc.ac.uk/collection/MVB/current/MVB000192","MVB000192"
"TechnoSmart signal quality","","","TchnSmrtsgnlqlty","TchnSmrtsg","event","http://vocab.nerc.ac.uk/collection/MVB/current/MVB000193","MVB000193"
"temperature max","","","tmprtrmx","tmprtrmx","event","http://vocab.nerc.ac.uk/collection/MVB/current/MVB000194","MVB000194"
"temperature min","","","tmprtrmn","tmprtrmn","event","http://vocab.nerc.ac.uk/collection/MVB/current/MVB000195","MVB000195"
"there are data which I cannot see","","","thrrdtwhchIcnnts","thrrdtwhch","study","http://vocab.nerc.ac.uk/collection/MVB/current/MVB000239","MVB000239"
"tilt angle","","","tltngl","tltngl","event","http://vocab.nerc.ac.uk/collection/MVB/current/MVB000196","MVB000196"
"tilt x","","","tltx","tltx","event","http://vocab.nerc.ac.uk/collection/MVB/current/MVB000197","MVB000197"
"tilt y","","","tlty","tlty","event","http://vocab.nerc.ac.uk/collection/MVB/current/MVB000198","MVB000198"
"tilt z","","","tltz","tltz","event","http://vocab.nerc.ac.uk/collection/MVB/current/MVB000199","MVB000199"
"timestamp","","","tmstmp","tmstmp","event","http://vocab.nerc.ac.uk/collection/MVB/current/MVB000200","MVB000200"
"timestamp end","","","tmstmpnd","tmstmpnd","study","http://vocab.nerc.ac.uk/collection/MVB/current/MVB000274","MVB000274"
"timestamp of first deployed location","","","tmstmpffrstdplydlctn","tmstmpffrs","study","http://vocab.nerc.ac.uk/collection/MVB/current/MVB000240","MVB000240"
"timestamp of last deployed location","","","tmstmpflstdplydlctn","tmstmpflst","study","http://vocab.nerc.ac.uk/collection/MVB/current/MVB000241","MVB000241"
"timestamp start","","","tmstmpstrt","tmstmpstrt","study","http://vocab.nerc.ac.uk/collection/MVB/current/MVB000275","MVB000275"
"transmission protocol","","","trnsmssnprtcl","trnsmssnpr","event","http://vocab.nerc.ac.uk/collection/MVB/current/MVB000276","MVB000276"
"transmission timestamp","","","trnsmssntmstmp","trnsmssntm","event","http://vocab.nerc.ac.uk/collection/MVB/current/MVB000201","MVB000201"
"tsn","","","tsn","tsn","taxon","http://vocab.nerc.ac.uk/collection/MVB/current/MVB000277","MVB000277"
"twilight","gls twilight","","twlght","twlght","event","http://vocab.nerc.ac.uk/collection/MVB/current/MVB000113","MVB000113"
"twilight excluded","","","twlghtxcldd","twlghtxcld","event","http://vocab.nerc.ac.uk/collection/MVB/current/MVB000242","MVB000242"
"twilight inserted","","","twlghtnsrtd","twlghtnsrt","event","http://vocab.nerc.ac.uk/collection/MVB/current/MVB000243","MVB000243"
"underwater count","","","ndrwtrcnt","ndrwtrcnt","event","http://vocab.nerc.ac.uk/collection/MVB/current/MVB000202","MVB000202"
"underwater time","","","ndrwtrtm","ndrwtrtm","event","http://vocab.nerc.ac.uk/collection/MVB/current/MVB000203","MVB000203"
"update ts","","","pdtts","pdtts","event","http://vocab.nerc.ac.uk/collection/MVB/current/MVB000204","MVB000204"
"UTM easting","","","UTMstng","UTMstng","event","http://vocab.nerc.ac.uk/collection/MVB/current/MVB000205","MVB000205"
"UTM northing","","","UTMnrthng","UTMnrthng","event","http://vocab.nerc.ac.uk/collection/MVB/current/MVB000206","MVB000206"
"UTM zone","","","UTMzn","UTMzn","event","http://vocab.nerc.ac.uk/collection/MVB/current/MVB000207","MVB000207"
"vertical error numerical","","","vrtclrrrnmrcl","vrtclrrrnm","event","http://vocab.nerc.ac.uk/collection/MVB/current/MVB000208","MVB000208"
"visible","","","vsbl","vsbl","event","http://vocab.nerc.ac.uk/collection/MVB/current/MVB000209","MVB000209"
"waterbird workshop: behavior","","","wtrbrdwrkshp:bhvr","wtrbrdwrks","event","http://vocab.nerc.ac.uk/collection/MVB/current/MVB000210","MVB000210"
"waterbird workshop: deployment special event","","","wtrbrdwrkshp:dplymntspclvnt","wtrbrdwrks","event","http://vocab.nerc.ac.uk/collection/MVB/current/MVB000211","MVB000211"
"waterbird workshop: migration state","","","wtrbrdwrkshp:mgrtnstt","wtrbrdwrks","event","http://vocab.nerc.ac.uk/collection/MVB/current/MVB000212","MVB000212"
"wet count","","","wtcnt","wtcnt","event","http://vocab.nerc.ac.uk/collection/MVB/current/MVB000213","MVB000213"
"Argos location algorithm","","","Argslctnlgrthm","Argslctnlg","event","http://vocab.nerc.ac.uk/collection/MVB/current/MVB000278","MVB000278"
"Argos nb mes identical","","","Argsnbmsdntcl","Argsnbmsdn","event","http://vocab.nerc.ac.uk/collection/MVB/current/MVB000279","MVB000279"
"contact person ID","","","cntctprsnID","cntctprsnI","study","http://vocab.nerc.ac.uk/collection/MVB/current/MVB000280","MVB000280"
"ECG raw","heartrate ECG raw","","ECGrw","ECGrw","event","http://vocab.nerc.ac.uk/collection/MVB/current/MVB000281","MVB000281"
"ECG sampling frequency","heartrate ECG sampling frequency","","ECGsmplngfrqncy","ECGsmplngf","event","http://vocab.nerc.ac.uk/collection/MVB/current/MVB000282","MVB000282"
"ECGs raw","heartrate ECGs raw","","ECGsrw","ECGsrw","event","http://vocab.nerc.ac.uk/collection/MVB/current/MVB000283","MVB000283"
"GPS PDOP","","","GPSPDOP","GPSPDOP","event","http://vocab.nerc.ac.uk/collection/MVB/current/MVB000284","MVB000284"
"GPS twilight","","","GPStwlght","GPStwlght","event","http://vocab.nerc.ac.uk/collection/MVB/current/MVB000285","MVB000285"
"Gt activity count","","","Gtctvtycnt","Gtctvtycnt","event","http://vocab.nerc.ac.uk/collection/MVB/current/MVB000286","MVB000286"
"heart rate","heartrate heart rate","","hrtrt","hrtrt","event","http://vocab.nerc.ac.uk/collection/MVB/current/MVB000287","MVB000287"
"Icarus solar cell current","","","Icrsslrcllcrrnt","Icrsslrcll","event","http://vocab.nerc.ac.uk/collection/MVB/current/MVB000288","MVB000288"
"is location sensor","","","slctnsnsr","slctnsnsr","tag_type","http://vocab.nerc.ac.uk/collection/MVB/current/MVB000289","MVB000289"
"is test","","","stst","stst","study","http://vocab.nerc.ac.uk/collection/MVB/current/MVB000290","MVB000290"
"Lotek fix status","","","Ltkfxstts","Ltkfxstts","event","http://vocab.nerc.ac.uk/collection/MVB/current/MVB000291","MVB000291"
"receiver deployment ID","","","rcvrdplymntID","rcvrdplymn","event","http://vocab.nerc.ac.uk/collection/MVB/current/MVB000292","MVB000292"
"receiver detector ID","","","rcvrdtctrID","rcvrdtctrI","event","http://vocab.nerc.ac.uk/collection/MVB/current/MVB000293","MVB000293"
"RR interval","heartrate RR interval","","RRntrvl","RRntrvl","event","http://vocab.nerc.ac.uk/collection/MVB/current/MVB000294","MVB000294"
"tag battery voltage","","","tgbttryvltg","tgbttryvlt","event","http://vocab.nerc.ac.uk/collection/MVB/current/MVB000295","MVB000295"
"telemetry detection count","","","tlmtrydtctncnt","tlmtrydtct","event","http://vocab.nerc.ac.uk/collection/MVB/current/MVB000296","MVB000296"
"telemetry run ID","","","tlmtryrnID","tlmtryrnID","event","http://vocab.nerc.ac.uk/collection/MVB/current/MVB000297","MVB000297"
"voltage resolution","heartrate voltage resolution","","vltgrsltn","vltgrsltn","event","http://vocab.nerc.ac.uk/collection/MVB/current/MVB000298","MVB000298"
"wet","","","wt","wt","event","http://vocab.nerc.ac.uk/collection/MVB/current/MVB000299","MVB000299"
"CTT solar current since last fix","","","CTTslrcrrntsnclstfx","CTTslrcrrn","event","http://vocab.nerc.ac.uk/collection/MVB/current/MVB000300","MVB000300"
"GMatrix alert","","","GMtrxlrt","GMtrxlrt","event","http://vocab.nerc.ac.uk/collection/MVB/current/MVB000301","MVB000301"
"GMatrix alert message","","","GMtrxlrtmssg","GMtrxlrtms","event","http://vocab.nerc.ac.uk/collection/MVB/current/MVB000302","MVB000302"
"GMatrix device type","","","GMtrxdvctyp","GMtrxdvcty","event","http://vocab.nerc.ac.uk/collection/MVB/current/MVB000303","MVB000303"
"GMatrix event","","","GMtrxvnt","GMtrxvnt","event","http://vocab.nerc.ac.uk/collection/MVB/current/MVB000304","MVB000304"
"GMatrix firmware version","","","GMtrxfrmwrvrsn","GMtrxfrmwr","event","http://vocab.nerc.ac.uk/collection/MVB/current/MVB000305","MVB000305"
"GMatrix GPS event","","","GMtrxGPSvnt","GMtrxGPSvn","event","http://vocab.nerc.ac.uk/collection/MVB/current/MVB000306","MVB000306"
"GMatrix GPS event text","","","GMtrxGPSvnttxt","GMtrxGPSvn","event","http://vocab.nerc.ac.uk/collection/MVB/current/MVB000307","MVB000307"
"GMatrix GPS fix interval","","","GMtrxGPSfxntrvl","GMtrxGPSfx","event","http://vocab.nerc.ac.uk/collection/MVB/current/MVB000308","MVB000308"
"GMatrix GPS fix interval text","","","GMtrxGPSfxntrvltxt","GMtrxGPSfx","event","http://vocab.nerc.ac.uk/collection/MVB/current/MVB000309","MVB000309"
"GMatrix hardware version","","","GMtrxhrdwrvrsn","GMtrxhrdwr","event","http://vocab.nerc.ac.uk/collection/MVB/current/MVB000310","MVB000310"
"GMatrix is moving","","","GMtrxsmvng","GMtrxsmvng","event","http://vocab.nerc.ac.uk/collection/MVB/current/MVB000311","MVB000311"
"GMatrix is moving text","","","GMtrxsmvngtxt","GMtrxsmvng","event","http://vocab.nerc.ac.uk/collection/MVB/current/MVB000312","MVB000312"
"GMatrix last location","","","GMtrxlstlctn","GMtrxlstlc","event","http://vocab.nerc.ac.uk/collection/MVB/current/MVB000313","MVB000313"
"GMatrix last location text","","","GMtrxlstlctntxt","GMtrxlstlc","event","http://vocab.nerc.ac.uk/collection/MVB/current/MVB000314","MVB000314"
"GMatrix mode","","","GMtrxmd","GMtrxmd","event","http://vocab.nerc.ac.uk/collection/MVB/current/MVB000315","MVB000315"
"GMatrix mode text","","","GMtrxmdtxt","GMtrxmdtxt","event","http://vocab.nerc.ac.uk/collection/MVB/current/MVB000316","MVB000316"
"GMatrix packet type","","","GMtrxpckttyp","GMtrxpcktt","event","http://vocab.nerc.ac.uk/collection/MVB/current/MVB000317","MVB000317"
"Savannah alarm type","","","Svnnhlrmtyp","Svnnhlrmty","event","http://vocab.nerc.ac.uk/collection/MVB/current/MVB000318","MVB000318"
"Savannah record type","","","Svnnhrcrdtyp","Svnnhrcrdt","event","http://vocab.nerc.ac.uk/collection/MVB/current/MVB000319","MVB000319"
"sequence number","","","sqncnmbr","sqncnmbr","event","http://vocab.nerc.ac.uk/collection/MVB/current/MVB000320","MVB000320"
"Sigfox computed location radius","","","Sgfxcmptdlctnrds","Sgfxcmptdl","event","http://vocab.nerc.ac.uk/collection/MVB/current/MVB000321","MVB000321"
"Sigfox computed location source","","","Sgfxcmptdlctnsrc","Sgfxcmptdl","event","http://vocab.nerc.ac.uk/collection/MVB/current/MVB000322","MVB000322"
"Sigfox computed location status","","","Sgfxcmptdlctnstts","Sgfxcmptdl","event","http://vocab.nerc.ac.uk/collection/MVB/current/MVB000323","MVB000323"
"Sigfox country","","","Sgfxcntry","Sgfxcntry","event","http://vocab.nerc.ac.uk/collection/MVB/current/MVB000324","MVB000324"
"Sigfox device type","","","Sgfxdvctyp","Sgfxdvctyp","event","http://vocab.nerc.ac.uk/collection/MVB/current/MVB000325","MVB000325"
"Sigfox duplicates","","","Sgfxdplcts","Sgfxdplcts","event","http://vocab.nerc.ac.uk/collection/MVB/current/MVB000326","MVB000326"
"Sigfox link quality","","","Sgfxlnkqlty","Sgfxlnkqlt","event","http://vocab.nerc.ac.uk/collection/MVB/current/MVB000327","MVB000327"
"Sigfox LQI","","","SgfxLQI","SgfxLQI","event","http://vocab.nerc.ac.uk/collection/MVB/current/MVB000328","MVB000328"
"Sigfox operator","","","Sgfxprtr","Sgfxprtr","event","http://vocab.nerc.ac.uk/collection/MVB/current/MVB000329","MVB000329"
"Sigfox RSSI","","","SgfxRSSI","SgfxRSSI","event","http://vocab.nerc.ac.uk/collection/MVB/current/MVB000330","MVB000330"
"Sigfox tx interval","","","Sgfxtxntrvl","Sgfxtxntrv","event","http://vocab.nerc.ac.uk/collection/MVB/current/MVB000331","MVB000331"
"Sigfox tx interval text","","","Sgfxtxntrvltxt","Sgfxtxntrv","event","http://vocab.nerc.ac.uk/collection/MVB/current/MVB000332","MVB000332"
"Motus batch ID","","","MtsbtchID","MtsbtchID","event","","draft"
"VeDBA","","","VDBA","VDBA","event","","new1"
"Zero crossings amplitude","","","Zrcrssngsmpltd","Zrcrssngsm","event","","new2"
"Zero crossings steps","","","Zrcrssngsstps","Zrcrssngss","event","","new3"
"Sigfox payload","","","Sgfxpyld","Sgfxpyld","event","","new4"
"TinyFox last error","","","TnyFxlstrrr","TnyFxlstrr","event","","new5"
"TinyFox max movement index","","","TnyFxmxmvmntndx","TnyFxmxmvm","event","","new6"
"TinyFox sunny index start voltage","","","TnyFxsnnyndxstrtvltg","TnyFxsnnyn","event","","new7"
"TinyFox sunny index voltage increase","","","TnyFxsnnyndxvltgncrs","TnyFxsnnyn","event","","new8"
"TinyFox total VeDBA","","","TnyFxttlVDBA","TnyFxttlVD","event","","new9"
"TinyFox VeDBA burst sum","","","TnyFxVDBAbrstsm","TnyFxVDBAb","","","new10"
"TinyFox total VeDBA count","","","TnyFxttlVDBAcnt","TnyFxttlVD","event","","new11"
"accelerations","","","cclrtns","cclrtns","event","","new12"
"activity x","","","ctvtyx","ctvtyx","event","","new13"
"activity y","","","ctvtyy","ctvtyy","event","","new14"
"activity z","","","ctvtyz","ctvtyz","event","","new15"
"alt index ID","","","ltndxID","ltndxID","event","","new16"
"animal birth/hatch latitude","","","nmlbrth/htchlttd","nmlbrth/ht","animal","","new17"
"animal birth/hatch longitude","","","nmlbrth/htchlngtd","nmlbrth/ht","animal","","new18"
"animal group ID","","","nmlgrpID","nmlgrpID","animal","","new19"
"animal marker ID","","","nmlmrkrID","nmlmrkrID","animal","","new20"
"animal mates","","","nmlmts","nmlmts","animal","","new21"
"animal mortality date","","","nmlmrtltydt","nmlmrtltyd","animal","","new22"
"animal mortality latitude","","","nmlmrtltylttd","nmlmrtltyl","animal","","new23"
"animal mortality longitude","","","nmlmrtltylngtd","nmlmrtltyl","animal","","new24"
"animal mortality type","","","nmlmrtltytyp","nmlmrtltyt","animal","","new25"
"animal offspring","","","nmlffsprng","nmlffsprng","animal","","new26"
"animal parents","","","nmlprnts","nmlprnts","animal","","new27"
"animal siblings","","","nmlsblngs","nmlsblngs","animal","","new28"
"capture handling time","","","cptrhndlngtm","cptrhndlng","deployment","","new29"
"capture latitude","","","cptrlttd","cptrlttd","deployment","","new30"
"capture longitude","","","cptrlngtd","cptrlngtd","deployment","","new31"
"capture method","","","cptrmthd","cptrmthd","deployment","","new32"
"capture timestamp","","","cptrtmstmp","cptrtmstmp","deployment","","new33"
"DBA comments","","","DBAcmmnts","DBAcmmnts","deployment","","new34"
"deploy-off measurements","","","dply-ffmsrmnts","dply-ffmsr","deployment","","new35"
"deploy-off sampling","","","dply-ffsmplng","dply-ffsmp","deployment","","new36"
"deploy-on measurements","","","dply-nmsrmnts","dply-nmsrm","deployment","","new37"
"deploy-on sampling","","","dply-nsmplng","dply-nsmpl","deployment","","new38"
"event group ID","","","vntgrpID","vntgrpID","event","","new39"
"georeference protocol","","","grfrncprtcl","grfrncprtc","deployment","","new40"
"GPS GDOP","","","GPSGDOP","GPSGDOP","event","","new41"
"GPS TDOP","","","GPSTDOP","GPSTDOP","event","","new42"
"height above ground level","","","hghtbvgrndlvl","hghtbvgrnd","event","","new43"
"individual count","","","ndvdlcnt","ndvdlcnt","event","","new44"
"lat median","","","ltmdn","ltmdn","event","","new45"
"lat sd","","","ltsd","ltsd","event","","new46"
"locality","","","lclty","lclty","event","","new47"
"locality according to","","","lcltyccrdngt","lcltyccrdn","deployment","","new48"
"long median","","","lngmdn","lngmdn","event","","new49"
"long sd","","","lngsd","lngsd","event","","new50"
"Lotek eRes","","","LtkRs","LtkRs","event","","new51"
"manipulation status","","","mnpltnstts","mnpltnstts","event","","new52"
"observer","","","bsrvr","bsrvr","event","","new53"
"ODBA","","","ODBA","ODBA","event","","new54"
"outlier comments","","","tlrcmmnts","tlrcmmnts","deployment","","new55"
"receiver latitude","","","rcvrlttd","rcvrlttd","event","","new56"
"receiver longitude","","","rcvrlngtd","rcvrlngtd","event","","new57"
"scheduled detachment date","","","schdlddtchmntdt","schdlddtch","deployment","","new58"
"speed accuracy","","","spdccrcy","spdccrcy","event","","new59"
"tag backup voltage","","","tgbckpvltg","tgbckpvltg","event","","new60"
"tag firmware","","","tgfrmwr","tgfrmwr","deployment","","new61"
"tag retrieval date","","","tgrtrvldt","tgrtrvldt","deployment","","new62"
"track segment ID","","","trcksgmntID","trcksgmntI","event","","new63"
"vertical speed","","","vrtclspd","vrtclspd","event","","new64"
"WC residual","","","WCrsdl","WCrsdl","event","","new65"
